"","TCGA-2W-A8YY-01","TCGA-4J-AA1J-01","TCGA-BI-A0VR-01","TCGA-BI-A0VS-01","TCGA-BI-A20A-01","TCGA-C5-A0TN-01","TCGA-C5-A1BE-01","TCGA-C5-A1BF-01","TCGA-C5-A1BI-01","TCGA-C5-A1BJ-01","TCGA-C5-A1BK-01","TCGA-C5-A1BL-01","TCGA-C5-A1BM-01","TCGA-C5-A1BN-01","TCGA-C5-A1BQ-01","TCGA-C5-A1M5-01","TCGA-C5-A1M6-01","TCGA-C5-A1M7-01","TCGA-C5-A1M8-01","TCGA-C5-A1M9-01","TCGA-C5-A1ME-01","TCGA-C5-A1MF-01","TCGA-C5-A1MH-01","TCGA-C5-A1MI-01","TCGA-C5-A1MJ-01","TCGA-C5-A1MK-01","TCGA-C5-A1ML-01","TCGA-C5-A1MN-01","TCGA-C5-A1MP-01","TCGA-C5-A1MQ-01","TCGA-C5-A2LS-01","TCGA-C5-A2LT-01","TCGA-C5-A2LV-01","TCGA-C5-A2LX-01","TCGA-C5-A2LY-01","TCGA-C5-A2LZ-01","TCGA-C5-A2M1-01","TCGA-C5-A2M2-01","TCGA-C5-A3HD-01","TCGA-C5-A3HE-01","TCGA-C5-A3HF-01","TCGA-C5-A3HL-01","TCGA-C5-A7CG-01","TCGA-C5-A7CH-01","TCGA-C5-A7CJ-01","TCGA-C5-A7CK-01","TCGA-C5-A7CL-01","TCGA-C5-A7CM-01","TCGA-C5-A7CO-01","TCGA-C5-A7UC-01","TCGA-C5-A7UE-01","TCGA-C5-A7UH-01","TCGA-C5-A7UI-01","TCGA-C5-A7X3-01","TCGA-C5-A7X5-01","TCGA-C5-A7X8-01","TCGA-C5-A7XC-01","TCGA-C5-A8XH-01","TCGA-C5-A8XI-01","TCGA-C5-A8XJ-01","TCGA-C5-A8XK-01","TCGA-C5-A8YQ-01","TCGA-C5-A8YR-01","TCGA-C5-A8YT-01","TCGA-C5-A8ZZ-01","TCGA-C5-A901-01","TCGA-C5-A902-01","TCGA-C5-A905-01","TCGA-C5-A907-01","TCGA-DG-A2KH-01","TCGA-DG-A2KJ-01","TCGA-DG-A2KK-01","TCGA-DG-A2KL-01","TCGA-DG-A2KM-01","TCGA-DR-A0ZL-01","TCGA-DR-A0ZM-01","TCGA-DS-A0VK-01","TCGA-DS-A0VL-01","TCGA-DS-A0VM-01","TCGA-DS-A0VN-01","TCGA-DS-A1O9-01","TCGA-DS-A1OA-01","TCGA-DS-A1OB-01","TCGA-DS-A1OC-01","TCGA-DS-A1OD-01","TCGA-DS-A3LQ-01","TCGA-DS-A5RQ-01","TCGA-DS-A7WF-01","TCGA-DS-A7WH-01","TCGA-DS-A7WI-01","TCGA-EA-A1QS-01","TCGA-EA-A1QT-01","TCGA-EA-A3HQ-01","TCGA-EA-A3HR-01","TCGA-EA-A3HS-01","TCGA-EA-A3HT-01","TCGA-EA-A3HU-01","TCGA-EA-A3QD-01","TCGA-EA-A3QE-01","TCGA-EA-A3Y4-01"
"hsa-let-7a-5p",14.8862911396276,15.0635561023076,15.3513696946322,14.7414112574367,15.1443533856187,15.2925817581342,14.3110834255325,14.7935063340031,14.3921910718055,15.5690380228462,15.3865502320209,15.087749567871,15.3444755627216,14.8238308982366,15.7094944827588,15.4609265340214,13.8038092113489,14.9058800211746,15.2336659894928,15.0937682577622,15.0388374968773,15.2343861304025,14.946192334374,15.228142839267,14.6732390079024,14.9664759581429,14.9025672050877,14.1812263806419,15.4562908063855,14.9829114130017,14.7830322845122,14.894822755098,14.3198748240563,14.6911122156695,14.7090705514266,14.7784407345707,15.1014358682126,14.5823009438015,14.0803544984016,14.6221029639656,15.6620655370875,15.2218914638319,15.6921336783477,14.1464720006381,14.7967830392653,14.7814230589469,14.9214619024087,14.653714676694,14.5020117352811,14.2733941914139,14.6553742376552,13.4964892033499,14.9150050331238,13.8483810680572,13.7122512803812,14.6258955880219,15.4915045986806,14.7523306552059,15.1193066238351,15.1958763001371,14.9109861550444,15.0954960048928,14.9401204563598,15.4609572594602,14.9763399372767,14.7428552817123,15.8984146496578,14.4447371176129,14.5408646992768,14.6826070973884,14.7483258002357,15.0271053203826,14.8942035417403,15.244154480889,14.7454769651879,15.5679876910169,15.1930685458435,15.5769246910657,14.9224405735842,14.7722691968814,15.227192377564,14.8596980350172,15.2634716476244,15.5553758243848,15.5739262881421,15.1918361358459,14.3117693312636,15.45394982973,14.7691327985525,14.6917303145588,15.1648204495653,15.4429386140486,14.5161547418475,15.5351179543212,14.9324703091917,14.6195583759821,15.6314483182974,14.6041411089635,15.0241188534455,15.4264253623914
"hsa-let-7a-3p",7.08167191485407,4.55459406992686,6.29807189994333,5.23189822911236,5.14072398118473,6.02170120052153,7.65523758926359,5.32145235990316,6.21427956029738,5.82180109481774,5.54619738494081,6.20522188278341,5.62333087154131,6.270114369625,6.19243683017196,4.91605925347319,4.80261257173988,7.07542507749469,5.58248365570377,5.28549358665489,5.88275721337258,5.28505589349511,5.88919067064198,5.1910150222175,5.40295446805816,6.13051945368831,5.16514244375336,7.02456244638126,5.38547476606708,5.57993639308661,5.65985384863336,5.03456318301161,7.12052202269088,5.98014355432971,6.95329447215353,5.75800070933815,5.51575521148348,5.55295617870966,4.71676728677335,5.35773560226997,4.34889163860459,5.66610084021933,5.45564101139546,4.70649728894459,4.91751047607898,5.4380095085292,5.61351432632932,4.8331409706528,5.48475188735367,6.65030919406974,5.56372963322796,5.9649056120655,5.80859878744443,6.25226997575149,3.98382232173015,6.22669153316121,5.19037935618218,6.24062853928456,6.12282105950363,5.37391191578325,6.75694061196843,5.80072565324186,4.90647778150145,5.40154145578,5.50406135099647,5.51169143476772,6.3231906037872,5.72787777193513,6.02977418757703,5.76613339362349,4.81179462443801,5.85456852080862,4.85693809698688,3.44091739225981,7.03696956275326,5.72644409459536,4.91140507541014,5.72586374765959,7.07850221131889,6.05052496583179,6.49919314709973,5.50325862752443,6.66649533535028,6.22463448768393,5.0375275385331,5.39137348843847,6.27340988427446,4.67714507038498,5.14399181871916,5.80644810939274,4.49220846849581,6.57436473655082,4.14833038845305,4.78426091335857,6.01207434957163,5.67766073479474,4.537199511401,4.88243890579715,5.40250840314809,5.74630206980186
"hsa-let-7a-2-3p",2.26007505010267,0.917164388054544,1.76950009777851,1.82250745613144,0.282742249960173,0.796092680855404,0.812030736943018,3.68673671764599,-0.0803410914404001,0.145844374321163,0.674711022394199,-0.522697770101064,-1.93126040932769,1.81068288183961,0.356387244474238,-1.39682494422643,0.352580012966083,-2.44813851519431,-1.1040180757933,0,-1.9721099229115,0.542092594736815,-0.176899590852446,1.42851387330841,-0.351932215764334,-0.355981314207473,-0.144711894051299,4.19362076495036,-0.40112031883629,0.315233485258694,1.49357663198866,1.5909569312099,2.01618535458196,1.57205872779066,3.0018384446396,1.22482069945226,-2.1566721486083,-1.61696762424768,3.30172971434274,0.394261689394303,2.12238315693929,2.52067015703972,1.19511322009045,2.00605740503616,1.511518135498,2.18376819758077,1.19144958041519,-1.15175304797461,3.14976760156494,3.78357566917266,2.00301460554923,-0.52694669896014,-1.23031964843349,5.22146404470348,-1.45912363612203,1.02701883675102,1.08534374884273,0.277153991753331,1.14026560633184,1.04478787764699,3.34415910730586,1.51196437052756,5.3405736980312,2.92421982012454,2.12675650183706,2.97425726723675,-2.54717265634595,-1.69838894271388,5.52430961149393,-1.88491880122895,0.703269949352179,1.33799246870518,1.44600472901704,1.44091712656368,1.89043462963655,2.17895647745633,1.04350899493413,0.887920592998947,1.34259798016983,1.89958324060724,3.1163828900833,0.701337904569526,-0.60029295223178,0,-1.31561929794664,-1.40304196544333,2.05781310984642,4.01188059240137,1.94605220349709,2.15300595886573,1.97472936700899,1.48160790976256,3.31825537181571,1.8207871663486,2.03687780560271,2.02230886108511,2.36727432355149,1.86536498251037,2.91708149411842,3.10244582627506
"hsa-let-7b-5p",13.9271373577074,13.9380477214764,14.6769471828713,13.6825272709443,14.1923548817759,14.4140568361946,13.9465295433713,13.4303311249502,13.8743095937938,14.9801114705681,14.5959699139224,14.1849301594756,15.1573336386149,14.7449725361658,15.2990498382064,14.4952447401042,12.9207054762548,14.5710629113619,15.037461651281,14.4244468039774,14.5494201999377,15.4888252079378,13.8961552190467,14.0973359756138,13.4062641798189,14.5381268572348,13.5368915118931,13.493687242654,14.4096106165394,14.1870528142527,14.0895863134969,13.0358884552784,13.5699106670959,13.9067619033497,14.5457230782639,14.3671609556861,13.7296219227518,13.6528518704791,15.1846062702208,13.5807161788462,14.7546514777674,14.8575403256295,14.073196362904,13.3785417995623,13.6746331151848,13.6730516439511,13.9757137870094,13.8426013218379,12.6713234572147,14.1909372386268,13.6999967362588,12.7166727740909,14.0203298586071,13.0906750505136,12.9335988917245,14.1177243519845,13.9549778949148,13.9367491452501,14.3874634623384,13.4153668271868,13.7066783140707,13.677328279222,12.4419186406941,14.4340916200327,13.6656833016872,13.2526745907262,15.231384298125,12.9676705603039,13.7463867396461,14.3970117596969,13.5365060988998,14.5667950447273,14.5940627286175,13.5777251276875,14.6812115252424,14.9737625938282,14.3881542018448,14.8184545177362,14.4529467598939,13.4844626247916,14.6730210323015,13.7852279041903,14.3681956396499,15.3947608732336,14.7484866653515,13.5131169410366,13.1366660758981,14.5838248748262,13.601609478727,13.7608177502471,14.5122336030741,14.5405928904489,15.3581265285551,14.9792826501178,14.8260779793313,13.8773914796353,15.6353291249101,13.8513934718356,14.1013371308694,14.4842976972613
"hsa-let-7b-3p",5.00901333571654,4.50212669778132,5.51366169229561,4.60386694716957,5.19921967978465,5.66645674711449,5.84845373774242,4.13924903007007,5.39539223669575,5.91071568327759,4.88061642507602,5.40013358359811,5.81693487149504,5.85507683919094,6.40078054425767,5.28967687385313,5.23871174273619,5.78548283554781,5.7847263899955,4.7191467975342,5.03911606004261,5.15352625296202,5.03255487673374,4.42851427529375,4.71415615024544,5.77330265233575,5.259009274771,4.72199969630624,5.11615408487671,5.10531002471963,5.1216078621362,4.39004379966434,5.61073389704655,5.33105078267469,6.79089243116013,5.80515176533504,5.11945437325089,4.80929594697732,6.48935674249716,4.37611406478126,5.46152063615319,6.03469696634629,4.89555318057775,3.85405441135849,4.86907010309069,5.24266183582836,5.02433953916744,3.97753079322442,4.95712247717829,5.39655258635658,5.00301469552945,3.88808995582814,5.44210516258321,5.1137501659533,3.09546791619274,4.68998422208594,4.73878620808075,4.87408970481105,5.62965107468888,4.61767803381288,5.65158761384331,4.78045325894808,4.13324868270596,5.01997859717411,5.1577832252608,4.96420370270933,5.69123060312448,4.74455649055365,4.75675570421144,6.28500673674714,4.56125109725084,5.81911971209414,5.53346791289901,4.56429950722357,5.67592985781394,5.40925385662375,4.89550757030444,5.78516084590589,5.89899117225523,5.74875808741705,5.99311146050915,5.08640525526708,5.5895333743525,5.94303842518504,4.46574041557802,4.64135169145065,5.07667204709611,5.02998251296027,4.88095743736641,4.79686205781383,4.70703372278432,5.7056092764112,6.4429512399496,6.24032549300214,6.69638725842427,5.36571671487312,7.44409013186381,4.42724411279939,5.70367798334611,5.68740829900034
"hsa-let-7c-5p",10.8150902268246,12.1785409248396,12.3060587202768,11.4164818869175,13.2969030050985,10.0452054822638,12.1843512510333,10.9881126463223,11.5063814046295,12.873737999972,11.2369546146046,12.822013419587,13.3227372352152,11.162174137079,14.7773746267383,13.8940231561129,10.3218634257599,11.1114792242376,15.1908371651041,9.53736016020577,10.1787466914429,11.2055507792957,11.3950911386571,11.3876882778344,10.9976246812881,12.1762943746636,12.5672407614032,10.0518408783279,15.1600230530437,10.3297185998613,11.417714293756,8.62305725814956,8.63911574284617,11.91036671051,9.43989628051973,12.462214508292,9.50733271359745,9.91001939803852,9.06254208583999,10.3214467878999,12.3587802081013,13.252503609014,11.8049847959602,9.0128044218059,11.735580089218,10.9636242545634,10.3532113228927,10.896734758287,12.2270688994634,8.89946090198757,10.9952922041954,7.37391930013619,12.427779725329,8.67900730013897,7.90720118643808,11.5051989512113,11.8983233625774,9.97828770325302,11.903925510319,12.3256171444676,8.55556075105104,10.207983553947,10.2028570996883,12.5369074558139,10.7390639810234,11.4130492504927,8.6882417928355,10.1941558492321,8.42107600887222,9.71870807796054,9.33944152878446,13.7463522808216,12.7721791932417,10.981091241726,11.6934607957822,13.5111219229276,12.8414782439811,12.4873684245328,10.5213358703412,9.28836007115295,10.4457539269942,12.0221974026464,11.1487402160099,10.8226754627761,12.6092628110086,8.76813436894177,12.0458996990546,11.7524281401282,11.1688473516939,10.4628611103725,12.1970374704372,14.0469626305377,11.3381550626837,12.3802401394194,11.6825362481065,11.5247429275791,13.8963390030325,10.9383591173135,11.1962278790365,9.40687859842315
"hsa-let-7d-5p",8.30810779811174,7.98444916950671,7.94741844405326,7.70438598950776,7.61007107841414,8.48957898410414,8.00991712980076,8.30917400422166,7.85776820057197,8.1401975554976,8.65042991355455,8.72364615052455,7.72516690849197,8.55887557649346,7.68169189148723,8.00192001401961,8.02601498205456,8.41914187665446,7.73518690399587,8.23059530900537,8.3179076219727,7.89376695324204,7.98044846985768,8.33024318387663,7.52458393944754,7.42100091850698,7.92674942499271,8.30936469470118,7.39977823980609,7.76918961230515,8.12690213175052,7.79884926637042,9.18048896920323,8.72180598739375,8.20439432257809,8.07320288647349,8.18429271360542,7.36602476981687,8.7354310988817,8.53891967622175,7.59876494483132,7.39364831318789,7.63667443978557,7.43901698690518,7.36576317091209,8.0229719260528,7.31815405890866,8.55503166423238,8.50731962204204,8.31999438618392,8.44595821309754,7.94743445847833,8.07574152765468,8.29973964285729,7.57979796235293,8.92335160244305,7.28092116440911,8.54206623365129,8.35719860221649,7.63275337828168,8.76285505549641,7.47249300284744,8.92742819500453,8.50150033101033,8.26675251985844,7.4925827071078,8.59045745228141,8.12657176460444,8.36443828518484,7.63864369055744,7.09558750926118,8.02449357765751,7.43158831255468,7.20341777927541,8.29803756384405,8.32792163042332,7.63027349653654,7.81273293939709,8.63451333067488,8.24987223638749,7.94665216234758,7.2032794274483,7.01809430865891,7.83806891735034,8.01305566288986,8.36016993597961,7.24242739800422,7.82287424457165,7.68751943134408,8.20285440671777,6.62508638494766,8.56109239756287,7.91981996928626,7.06110091012345,7.48433680234981,7.39734833521992,8.54718362568496,8.48007508520716,8.15739595584207,8.66031971882967
"hsa-let-7d-3p",8.83330150005654,7.0372580565852,8.26647423836391,8.14668782839387,8.05357206163688,9.34491393705172,9.24286294679575,9.09523414203179,8.26506411072553,8.97278977420588,8.74324621158106,8.96514144390622,8.47388350872765,10.1671346999212,7.85224146597571,7.97386372506294,7.3875751241555,9.19165602619835,8.39383495356179,8.56367143849121,8.71438930254152,8.72586472559363,8.19814097033255,8.47914036569067,8.36059399023125,8.45351981387661,8.71326804925787,9.61568549549394,7.95114251943385,8.49126772029132,7.32301105311507,8.9607718331579,9.4697029605747,8.42524843754187,9.39617490318629,8.46909301260351,9.16130777269722,8.11095165096457,10.1555591058325,8.63838737562713,8.30983431153241,8.01930804362712,7.86753884622475,7.56677254213567,7.6894358955438,8.57322022290516,7.96046089680611,7.906239600932,8.32423941907879,8.86603789629606,8.37631491807906,8.6185601238678,7.07117602621757,8.98821932269463,7.81234201048274,8.55319236856789,7.14694010630465,8.31387764995753,7.535223547551,7.81693798090847,8.69111599354329,7.65986312984482,8.59981646470831,7.85634749959142,8.56897868823211,7.60684875796455,7.63646123151579,8.41144368185845,8.19574552980377,8.28124481007708,7.52025371995883,8.97300571989151,8.03233313496315,7.47695983252788,9.08077888737494,7.61422581234736,7.34801979411062,8.49080485012429,9.65761413334974,8.66776732415742,8.51106728199778,7.5481474864198,8.06859381078089,8.83855491767988,8.52673108067305,8.96982262278808,7.71677609924874,7.79826589819272,7.62760093631596,8.50173400364316,7.67740488488196,9.48407106736929,10.0086415565479,7.74012665983998,8.86746504232226,7.96247564858572,10.0254860208561,7.80284414438463,8.4960203398766,8.72345104132757
"hsa-let-7e-5p",10.8969010966584,10.7225498283081,9.5233190943659,10.008621508708,9.77779854254565,11.4689593043085,9.1323180350063,11.8234581409033,9.20852494614712,10.348886182639,9.36502768481887,9.10544312902094,9.37764986067041,9.5041696843756,9.78055272296289,9.23844098061136,9.77404346832976,9.70446488364848,9.42492553248987,10.430747516056,10.196404200021,9.86050877983699,9.59871181934724,11.2609522620103,9.83108199634332,9.32349972428081,9.80073089253016,9.55455220445597,9.37234726163544,10.8608411809188,9.69168675053405,11.1861019753433,10.8386606198513,9.4357686441754,8.67259869541013,9.45659570390136,10.1185814932623,9.29891057499946,10.7734049662379,9.40381015652692,10.3242131273014,9.79340614645035,9.21052855982715,10.1291443428127,9.88829467602153,9.36864347392624,9.38897345800052,9.64563921796029,9.56723659756672,10.0980590226695,9.78459301006618,9.00897582355599,9.0393909613508,10.2269674127366,10.2130833119587,10.1790927376998,10.7906162820422,10.2084830365554,9.75723913441508,11.0171938542008,10.5859039755782,9.64779030347916,11.8040014616741,11.5517177313783,9.92737494951907,9.67431173141607,9.63894009395788,9.19945848625007,10.3669017289873,8.95664607788331,9.35969494987784,10.8334039673473,10.3745907583879,9.40587671614333,9.06719802176673,10.0833013795373,10.107766503047,10.2246501404867,10.5343102252965,9.61987756371628,10.1937510981253,9.00102753166785,8.89055970585038,9.02602784491245,10.2927510766808,10.0419724096668,9.2590341542842,10.2837681607111,10.5323403468259,10.8665355665602,10.776203148559,10.1529275389388,9.708663335813,9.4807111242986,8.19031469548158,9.67873375340775,9.88100213294144,8.49680216292647,9.05765581179963,11.8849760424198
"hsa-let-7e-3p",5.13454415432887,3.60522015781536,2.3350976052966,3.53675281064078,3.35313228376469,4.40095414717015,3.76198953240335,5.73343002588152,3.5343685659015,3.71569968067771,2.21528005335395,2.59277872986908,2.15620502122358,2.61803774514738,2.35638639928749,2.30361565058945,5.03707792359639,3.3847531564333,2.85017933498683,2.18863228167125,4.02788883889925,3.50144959112488,3.1450296456626,4.64352716008021,3.45542178565964,3.10345114372125,4.17721508439612,4.89406042850711,3.20768783073353,4.82478821566778,3.3739950288865,4.56915213060687,6.05532376324086,4.157021147642,3.55823162746533,3.25230150575264,2.75022016240264,3.08347107269918,6.16522778256395,3.39426141496531,3.83607904451577,4.06123893122567,1.61015056184424,3.43901694533544,3.87609058253212,3.21351557337659,3.38127409602792,2.26328535283209,3.81961903702801,4.55409395309956,3.6352828558798,4.03783718787059,1.85714219727645,5.2522700514546,3.00031050669047,4.11448196951584,3.44289586954357,3.56993603254121,3.27271644204417,3.74522807991712,3.69465625132435,2.63749525261142,5.1067764827633,4.75958889696012,3.48583755035045,3.01378560165307,1.54028869683745,3.05650029355913,2.94940064874383,3.20254451016865,2.40370973565268,4.61101151412051,3.44600512615825,0.749039912441908,3.37042740188752,2.87083400003789,3.28229552828834,3.54327228548711,4.45480732896156,2.94140327268073,3.85831446787918,2.73881235973541,1.85914025706708,2.51224661121929,3.09377142695575,2.91888574791085,3.74062280331582,2.92168272573369,4.43601841571623,5.34283045109216,3.42992415253324,3.38849802319799,4.6718924081819,3.15421069264337,3.16240857049618,3.82966398607953,3.48275175605665,1.473048104167,2.29559344061192,5.23760539863147
"hsa-let-7f-5p",13.0618283689734,13.5627475962892,13.5907644230208,12.8452651803812,13.5174706498467,13.8080035399681,13.3957541576586,13.5460672284551,13.1658798928355,14.0214975019421,14.0058327085446,14.133502790673,13.6111391781269,13.5619129406992,13.0886333715326,13.893141154105,13.7775707480693,13.7569881783653,13.6463760758352,13.4496168574425,13.4118292615307,13.4013027235425,14.0923012881699,13.9989799327628,13.5944707243387,13.3798576772946,13.9937721926768,13.5377458973527,13.7512265624173,13.6612389005149,12.4846796812979,13.7706167344132,12.8684027610635,12.3290641635233,12.3095079125921,12.5920673936895,13.1850224983535,11.089095459641,11.0662327913553,12.9587920298075,13.236151469585,12.3755859337967,13.9520346296433,12.2819492850675,13.0903860751087,13.0778595644731,13.2832774879612,13.2345819419191,12.8790793771569,12.0650285372289,12.9638372338356,11.3909217863538,13.3708993017899,12.1949497687492,12.5420672418914,12.9616008183749,14.1245771222386,13.6031345316349,13.0648218331492,13.421592087694,13.4314561929099,13.8964784034482,14.0541698734917,13.8144093633579,13.3749417684236,13.0305564139466,13.4910589890364,13.225172651845,12.8986803697725,12.2732969293467,12.9529761420529,12.8788206833331,12.9236713814034,14.0492048932119,13.5070073695199,13.581640376193,13.6230415572738,13.9012431164972,13.4680112670566,13.8323405404237,13.773069684456,13.5067737835388,12.9578305497626,13.9978314769184,14.4922953270968,14.2163464999457,12.562788775137,12.8785664750285,12.5118545597743,13.0661445913397,12.8156723084525,14.1138644802123,11.2144196924484,12.6281736900012,11.7954038946815,12.4436373992179,12.765305611239,12.7907430538982,12.9572343412627,13.3646664997248
"hsa-let-7f-1-3p",1.79058981313662,1.65412982942525,2.07984058694705,1.68048819808468,1.66125478547079,2.91156925915372,3.18548869998114,2.13924878445348,2.00712157036107,2.90073139352891,2.34456350524634,3.67369865133355,2.76918184832012,3.71757323069881,2.60431404618165,2.51006666442846,2.71514987264933,3.16657277497279,2.94037726521382,2.01870716155323,1.78277632140891,1.17952187840557,2.28253291736494,1.94308752852056,1.64806732391892,2.38098538782331,2.17721524388759,2.95261257226723,1.73638190596327,1.46723617287023,1.73458520442695,2.30465267596969,4.04475448579932,2.1195464209418,3.2363035631962,2.88193297087418,2.09125773479863,1.70495914308704,1.93915961405752,2.53176496366334,0.648451637267087,1.93570790772545,1.51704131497782,1.85405431159111,1.64902170524917,2.55300211992103,2.32073275979788,1.72271694415037,2.39077525091669,2.69611269696951,3.14051790025858,0.695445128448928,2.67657027020763,2.8029624491866,2.06444073436353,2.57133921138206,1.670306929477,1.86211649247449,1.02478844345492,1.04478787764699,3.0666249983234,1.22245775333258,2.35188891779791,2.00668185360811,1.603194525134,2.26376398456824,1.70075352566939,2.82517504903674,2.61236571061732,3.0692780248033,1.61016095846107,3.21246210542842,3.03096758275261,0.955490618228791,3.25721674588845,2.23340401368011,1.85908418518835,2.77544588481139,3.54053718274511,3.30397328946136,2.90225807807603,2.49780420128777,1.98467100659587,3.2800732092298,2.07669795383211,2.29739745921071,2.26931716778928,1.24050484409905,1.18051771922532,2.96036064922274,1.41285033957341,3.03619629978511,1.47025832062351,1.34685593264079,2.82537371891274,2.400820429702,1.78231210244112,1.79497640692963,2.98747094934671,3.29509100920198
"hsa-let-7f-2-3p",-0.324886848261349,-1.2527621413435,1.21310709773664,-1.17749335965267,0.282742249960173,0.211129349276091,2.10748601178047,1.02377200368524,0.504620392403553,-0.0468018213190068,0.215280985383986,0.214267824065142,-1.93126040932769,-0.189316706911613,0.94134899391831,-0.0748953297697797,0.352580012966083,1.1368252976851,1.21791125953731,-0.981291770365687,0.612851634427466,-0.305904311818135,-0.176897959956037,0.943087153334266,-2.35193589830238,-0.355981314207473,-0.144711894051299,2.13703719558509,-1.1380859130025,1.23277125685942,0.619107770245393,-0.0529009347310219,1.37232920938849,0.193547201580708,0.499338224181887,0.524381675726322,0.428292496365569,-0.0320065985850884,0.716767067318024,0.394261689394303,-1.52147336417523,-0.938760204563567,0.417506361541227,-0.315870689851201,-0.488481358488431,-0.816230214733382,0.19144894871272,0.263285653341247,-0.309663366852985,-0.303888638749776,-0.318914209180101,-0.52694669896014,-2.23032303327366,0.909877534972964,0.125841508973035,-1.55794720379357,-0.040186824189674,1.54018849679853,1.02478915251391,0,0.607193465785168,-1.94746724810973,0.673817803989234,-0.748204571534288,-0.0748770950631219,0.389295868016785,0.452825235558759,0,0.364437961248637,0.115081198771053,-1.29672916457573,-0.831933103425156,1.30850125821928,0.0486003016011452,1.54939760803293,0.648441512958954,0.306543400767923,-0.112080186622762,1.25513510336517,1.13404806890472,-0.419671174679795,-0.376663128666214,-0.60029295223178,-0.375279569887376,0.491736137110882,0.918886129444033,0.131813344783913,-1.03251263266784,-1.14141101216934,0.568043782525359,-1.97946437405065,1.38849816096174,0,0,-0.422553285677971,0.870306320079092,-0.217688736391396,0.473048104166996,0.595154163252216,-0.704909431733079
"hsa-miR-15a-5p",7.80953892533656,8.18603105865402,6.65312144215075,6.12628804941286,7.05357203448638,7.09835015688595,6.42941425731831,6.76523876461905,6.97494127524957,6.4381657450793,7.51906131670385,7.46409156378258,7.12673374970631,6.56557026215157,8.12870101428455,6.90695706625122,6.70761612979748,7.20828796755,7.77250007162635,6.9612215540058,6.65542268781629,6.75587084453246,7.01292610742115,7.64906538420324,7.19881376437139,5.93557402735673,7.37098690710277,6.87472394420968,7.23114654271694,6.65310276405286,7.9868862408919,6.86596346517381,7.75170756641893,7.24665857983924,8.74726548583084,7.87310912228824,7.39791879884829,7.89280620246061,7.86989701329403,7.60176388870682,7.4399767622608,7.92232563092551,6.88627540920488,6.9970124574383,7.60744252146637,6.36035688394162,7.49065760882949,7.73394424701129,7.03463191385123,7.77559767913778,7.49700354631924,7.27395239929131,7.69893823598773,7.50766441127645,7.85829160129283,8.85779846400284,7.42445158242701,8.29284835272486,6.66141365191183,6.40585487177308,8.10836724672502,7.15319516184447,8.99844765651303,7.96775626614179,7.11692200480763,7.80433239702802,8.03778836212103,8.02612688618391,7.51418541221145,8.51168651357701,7.32715157974465,8.03070540163929,7.14139156873032,7.48426992903954,6.89753542170757,6.56862894806891,6.00698282727657,7.03563414711119,6.54745661566814,6.81493516773489,7.28630783607216,5.4017773155822,6.67583323099147,6.84195235614255,6.62836068566512,7.01481008089303,7.90660066291992,7.75375624632992,8.0957995603077,8.30021077796942,6.3024631852894,7.02463943362264,7.31825551645295,7.50560533896739,7.4752916473932,7.55836181031007,8.23146067221364,7.42287452591847,7.33998737297217,8.17926137853249
"hsa-miR-16-5p",9.52894195808934,9.24009382679367,10.0046532759264,9.18964897171474,9.46712250056854,9.44175045978021,9.37045101210114,9.23970917458459,9.79847615105147,9.18442022726629,10.2359133313108,10.0041266403276,9.11108543852783,9.32835212017336,9.60934747187131,9.12477675922085,9.56793935032028,10.0939276745472,10.4479316503143,9.43127684980488,9.80760812662943,9.54083862485444,9.92310676145236,9.72575812176999,9.66452709902104,8.45137455167827,9.56034340502003,10.029671086021,9.7450651293817,9.31960966376891,10.6912400999955,8.98670474067059,10.3788306032785,11.0167552405136,10.9645642429444,9.86784430122468,9.74532813648926,10.9968206583896,10.5014020960038,9.5536282399711,8.75871786103496,9.80943157420839,8.06239224044429,8.77952651679056,8.60849674192909,8.5265835956953,8.96417652983557,9.65908725238237,8.80732968111419,9.3390671173131,9.84473629995707,8.56492858646915,10.2172796972127,9.4238873807186,9.44814523337533,11.0641085211477,8.74027821830133,10.3270030971621,8.82622794458741,7.68720115665023,9.8871909309889,9.00235953297836,10.4203313629071,10.4382180645272,8.98040493770032,9.5103966640172,10.4361757843661,9.87951386687144,9.64694759500009,10.2180416188471,9.24485074637097,9.90616030943264,8.6313310538157,9.09094302991026,9.9576563929381,9.48904462521064,8.80426196482883,9.99566060935527,9.69937339795645,10.0579699292379,9.94839982473473,7.99256881167266,8.9340117059073,9.47803119326718,9.71349538575652,9.25606153320635,9.2564519137211,8.85318299820355,9.62304657350425,9.44494394094294,6.98198285520719,9.62115897087899,9.67287221826341,8.90059133256595,10.063275502532,9.31601043123295,10.7328679329416,9.83416915065803,9.19320603740941,9.17849785717083
"hsa-miR-16-1-3p",3.54958157146809,2.83470191328358,1.29556905049855,1.86690164965207,2.13073981536738,2.53305744416345,1.44006133117447,1.24616361409699,1.62009792270886,2.31576879621659,1.97016784318107,3.21426704682785,2.06874199791317,2.13261105897674,3.35638668101646,2.55737259161967,1.452115686517,2.40984383733834,3.18138533580286,2.18863228167125,0.934779917991316,2.1795215599322,1.1450291563937,2.08059115459401,1.817991967337,1.64401960901307,2.59225250392922,1.40007171074929,2.27695039557188,1.39323605828755,2.81550472687602,1.53206306256719,3.10024955880722,3.42620771679391,3.86857180338783,3.07897029264899,2.88772392007093,3.77534863955662,2.83224455483682,2.87968832054384,2.28588185372148,2.99983822874907,2.73943402436004,2.00605740503616,2.58190748748528,2.18376851511808,2.36137479242493,2.17017568799928,2.3907758011025,3.08843031056521,2.92901396727584,2.64297760956687,2.57703479007601,2.27244787030631,2.34823383586764,3.39625280627953,2.38302490825283,2.7101134431234,3.16774665148796,1.8103229942263,2.82958575182309,1.85988767394787,3.30608546521136,1.57372255403414,1.85112176365905,2.38929476651559,2.62275093969984,3.10896798595601,2.17179320349029,4.52447263639915,2.74766431036671,3.37752151154755,2.68701319511272,2.47486456970866,2.03482422396002,1.56597924448523,0.923213848279884,2.61038635759618,1.6474522095412,2.45597629526068,2.46785513918658,2.09726592432828,0.984671006595873,2.00323342085898,2.07669829583212,1.40431241156684,2.93916845494494,3.28941472443093,2.78932674277541,3.61243754801387,2.06492767649922,2.52600168471168,2.47025858097055,1.87737047481878,2.82537351537154,3.12664550438173,2.58966690466554,1.99661001503373,2.98747094934671,2.99553082909729
"hsa-miR-17-5p",9.80138687286338,9.37477309481967,7.42370700609789,8.63708974221194,6.93235844137328,9.27452461226633,7.56570290666067,7.75395883575548,7.38726438970179,8.02005705766515,7.79459649735733,8.8348534193657,7.65558182567515,8.89814557189552,8.69734919894538,8.12575786280558,8.35579642178634,8.64923690671986,7.76016926671392,8.72779082054824,7.21152417367989,9.05954219519736,7.6779699125485,8.66144909373123,9.1818833849981,7.57672650272327,8.63445921470764,8.32448824673214,7.66065453831656,7.39323563776929,8.53598218235327,8.15533458241244,10.1342958890458,9.45845894305086,9.54099712986623,9.13124878919784,9.71369467055592,9.05457225681026,9.89584696815002,10.0744451127479,9.84539565639701,8.43917223736765,8.80490785980969,10.2468489236065,8.29876770479509,8.40212954891085,8.12292581527233,9.09775643342677,8.48556397731423,10.7031401624689,8.34345829353242,10.3069967108591,9.14851655253934,8.70892815855979,10.3488375902266,9.56585479165382,8.85875786686674,9.91595244963844,9.13896514357368,8.52779796413777,10.2335109648736,9.27411994305996,10.7458156238941,9.36553643098217,8.46428130756386,8.95851759734139,10.9557819378667,10.2941973752404,9.5690094340935,10.106957832832,8.40803833152691,9.04765129665083,7.41493364967592,7.81264187800565,8.7717898522332,7.61550763994491,7.36975844804393,8.51727707132919,9.40519954214595,8.48454549965822,6.77803807436467,6.51680508682954,7.61402794333478,8.1991259408552,7.0375275604964,8.66707851409537,8.39860014198348,8.86684355787456,8.63296488205864,9.96330969592265,7.24513781592612,8.32238555505084,9.86514996087136,8.85685026586196,9.50003059203375,7.84503903161801,9.31758740444881,10.0547191728049,7.86661656065372,9.99422948705751
"hsa-miR-17-3p",8.89266646875595,9.99487008799858,7.41911609126769,8.00676276818699,7.64556354642359,9.51405399493007,8.295113184387,7.7009041287639,7.64757931275861,8.84541657826042,8.4861598592688,8.52896352952126,7.98163138693971,9.35757718778383,8.99165109612461,9.09151859741014,8.79670718684553,9.11553609620981,8.47435581422998,9.50151496228476,7.59108503991803,9.44630796827451,8.12916322191074,8.6041529438192,9.09876276509649,8.45673176245576,7.64318962612004,8.24639775441923,8.45810250167635,7.61596699506594,8.66804840045202,8.34477485642824,9.60624840478711,8.52267083631561,9.12990847256096,8.94907215463646,9.59696456978709,9.0014166957122,9.22191717310019,9.78529015787991,9.72586125000624,8.34587006339697,8.95333672003571,9.89053341107565,8.42320968542928,8.35952558045173,8.0633548200969,9.35505132170961,8.1538603783026,9.79480299606162,8.77692315951735,9.12470218471496,8.90089374809728,8.58835226002633,9.98122910366356,8.60381844428659,9.29317168653052,9.3914174478739,8.89000677022202,7.82352262872366,9.18776615880606,8.67824166539054,9.99574513724654,8.57541203447437,8.07690015787525,8.64274847093248,10.313330911728,9.52440793290321,8.64172568646513,10.4588226502818,8.3712686260774,9.19320760981366,7.94657540184201,8.34952413852589,8.44178845885872,7.55800132171337,7.59993817836674,8.3267122905516,8.86800345784865,8.32584775251511,7.70651816166289,7.6947973398975,8.21988780055733,8.79664899523468,8.19267072147795,8.46578012006625,7.44288070408259,9.72779075589336,8.58693532535456,10.0120228919979,7.94719978261036,8.66462262311908,9.05672312554991,9.01298073302653,8.70930315446775,8.29377190967722,8.71452678486455,10.2149360834491,8.19506637531883,9.49414968500142
"hsa-miR-18a-5p",5.09015007218994,4.70143549984362,2.85356496935859,4.18882950722047,1.96081489628158,5.06287853096694,4.28333605847473,3.43880928122691,4.37909038853187,3.71569979048659,3.94320092410674,5.1777411907319,2.92672267286608,4.81068272762129,3.87994841658994,2.55737259161967,4.13018726207743,4.91818541678571,2.75396409561669,4.57329592990536,2.86077889961248,3.60098533261679,3.99302649785434,4.14472137337777,4.61385121454976,3.61364586175462,3.91418074235891,4.54846338212516,2.40623324241613,1.95266307458133,4.79569625524001,3.3046523839548,6.00532437003546,5.33105071099463,4.72173039036644,4.50166110566489,4.89861236665685,4.66843340322123,5.54119572993538,5.62692218343341,4.07843990499616,3.40701358955823,3.33807150681558,6.32798566154668,4.28762211249057,3.64319990281916,3.58376709343713,4.8706157513407,2.77779863293693,6.30344320936445,4.48844161267991,6.0926611271627,4.87820431778863,5.1137501659533,5.82164973586847,5.32469969737573,3.69020609573186,6.23135083980195,3.97898532566359,3.58084121193393,5.54579293141548,3.30046026533385,5.93685144206979,5.09099803136911,3.48583755035045,4.0522599821462,5.44717932551414,5.13450300178846,5.44125392354645,5.11508169830251,3.3179798115505,4.4534701690148,3.07403627868755,2.29652730113256,5.17388832640269,3.52291071454735,3.19406829317552,3.92354436962355,5.08168351343901,4.13404831540833,3.16529229093182,1.62333546650657,3.25768985295881,3.51224673765884,2.35680639608364,3.59695767686932,3.30173849252889,2.24050514939098,4.40548406039912,4.81597088622479,2.04290133834137,4.49283482077648,3.23579322013181,3.42485828045474,2.82537351537154,3.45526829466784,3.99176544539893,5.86965259234953,3.50204412217646,5.36118003951917
"hsa-miR-18a-3p",1.67511224820285,1.74723914786925,1.21310709773664,0.629862960891707,-2.03918584492719,2.56868177945573,1.60052667499823,1.02377200368524,0.241586393320726,1.95319855124701,0.800242657634029,1.21426720227534,1.06874165402186,3.51112250507712,1.74870423795186,0,0.352580012966083,1.25230241416983,0.895983474760595,1.82606274480398,1.02788936955191,-0.627832406705498,-1.17689959085245,0.943087153334266,1.10749839854534,0.0590575699019575,0.270324409041853,1.5806438277671,-0.401122223963911,-1.26972785593876,0.734585204426955,-2.05289494843213,2.76464636680262,1.45658118689142,2.0843003847005,0.983813385549422,1.42829249636557,1.1903860334741,3.98978571307295,2.07233359450694,1.06348913654593,0.0612411781725779,-0.389851801033669,2.6841293101488,0.35951554806652,-0.401192715454538,-0.486620429591715,1.35074729255457,0,3.39655231236301,0.266047691672472,3.01737322333629,1.67657027020763,1.68748536958515,2.7503320880028,1.96561844599204,-0.040186824189674,2.7101134431234,0.899258399349834,-0.277140566889225,2.88021179690026,-0.947467248109733,3.52181410764597,0.711226165904007,0.188157817287011,0.611687030494659,1.62275093969984,1.6235410250117,2.17179288330624,2.36300899265337,-0.711766663854578,0.753030253327949,-1.01342741914202,-2.95139551369224,2.54939760803293,-0.521481647694777,-1.01538877697898,0.735918105926046,2.54053718274511,1.89958246726253,0.580329790210659,-1.54658672528267,0.721636017519657,-0.112245475938047,0.684380702053363,-0.403041965443329,-0.605152249382293,0.289414281757602,0.559028705971748,0.737968783967672,-1.65753627916329,1.56907008245353,1.47025832062351,0.76189371551587,0.899374422481222,0.0223095713638258,2.36727404394065,2.60233121020137,1.40250826671571,2.10244582627506
